{"STATUS":[{"STATUS":"S","When":1773425026,"Code":9,"Msg":"3 ASC(s)","Description":"BOSer boser-buildroot 0.1.0-f8935b4e"}],"DEVS":[{"ASC":0,"Accepted":0,"Device Elapsed":27251,"Device Hardware%":0.0,"Device Rejected%":0.0,"Diff1 Work":2022253,"Difficulty Accepted":0.0,"Difficulty Rejected":0.0,"Enabled":"Y","Hardware Error MHS 15m":0.0,"Hardware Errors":0,"ID":1,"Last Share Difficulty":8192.0,"Last Share Pool":-1,"Last Share Time":1773425024,"Last Valid Work":1773425025,"MHS 15m":81865901.25693576,"MHS 1m":82818231.77814579,"MHS 5m":81779916.04848021,"MHS 5s":81784601.820523,"MHS av":80691417.47821091,"Name":"","Nominal MHS":85180947.1398,"Rejected":0,"Status":"Alive","Temperature":0.0,"Total MH":2198992469226.422,"Utility":0.0},{"ASC":1,"Accepted":0,"Device Elapsed":27251,"Device Hardware%":0.0,"Device Rejected%":0.0,"Diff1 Work":2049044,"Difficulty Accepted":0.0,"Difficulty Rejected":0.0,"Enabled":"Y","Hardware Error MHS 15m":0.0,"Hardware Errors":0,"ID":2,"Last Share Difficulty":8192.0,"Last Share Pool":-1,"Last Share Time":1773425024,"Last Valid Work":1773425025,"MHS 15m":83073639.728653,"MHS 1m":81502207.7973795,"MHS 5m":82783410.41702825,"MHS 5s":79923643.53111137,"MHS av":80907026.68762855,"Name":"","Nominal MHS":85110167.40383999,"Rejected":0,"Status":"Alive","Temperature":0.0,"Total MH":2204868259365.2573,"Utility":0.0},{"ASC":2,"Accepted":0,"Device Elapsed":27251,"Device Hardware%":0.0,"Device Rejected%":0.0,"Diff1 Work":2026725,"Difficulty Accepted":0.0,"Difficulty Rejected":0.0,"Enabled":"Y","Hardware Error MHS 15m":0.0,"Hardware Errors":0,"ID":3,"Last Share Difficulty":8192.0,"Last Share Pool":-1,"Last Share Time":1773425025,"Last Valid Work":1773425025,"MHS 15m":82511534.10232083,"MHS 1m":82625933.39246552,"MHS 5m":82386462.4071139,"MHS 5s":78735237.54565848,"MHS av":81791738.55170916,"Name":"","Nominal MHS":84875059.4928,"Rejected":0,"Status":"Alive","Temperature":0.0,"Total MH":2228978350339.1294,"Utility":0.0}],"id":1}