{"STATUS":[{"STATUS":"S","When":1773425025,"Code":11,"Msg":"Summary","Description":"BOSer boser-buildroot 0.1.0-f8935b4e"}],"SUMMARY":[{"Accepted":6122,"Best Share":3066586929,"Device Hardware%":0.0,"Device Rejected%":0.0001475901238592718,"Difficulty Accepted":1503245312.0,"Difficulty Rejected":2359296.0,"Difficulty Stale":0.0,"Discarded":0,"Elapsed":27288,"Found Blocks":0,"Get Failures":0,"Getworks":2635,"Hardware Errors":0,"Last getwork":1773425025,"Local Work":7132348416,"MHS 15m":247423027.15242085,"MHS 1m":246735013.27652746,"MHS 24h":77601710.90485106,"MHS 5m":246892863.35171244,"MHS 5s":241214420.40749025,"MHS av":243061228.59827304,"Network Blocks":0,"Pool Rejected%":0.14679497634969826,"Pool Stale%":0.0,"Rejected":9,"Remote Failures":0,"Stale":0,"Total MH":6632839078930.809,"Utility":13.460861917326298,"Work Utility":3432358.606450089}],"id":1}