{"data":{"bosminer":{"info":{"modelName":"Antminer S21+","fans":[{"name":"0","speed":44,"rpm":3390},{"name":"1","speed":44,"rpm":3450},{"name":"2","speed":44,"rpm":3450},{"name":"3","speed":44,"rpm":3450}],"tempCtrl":{"targetC":65.0,"hotC":80.0,"dangerousC":90.0},"summary":{"realHashrate":{"mhs1M":247780095.69030046,"mhs5M":247655471.9209336,"mhs15M":247887504.35341594,"mhsAv":246670875.74795797},"shares":{"acceptedSolutions":24252,"rejectedSolutions":39,"rejectedRatio":0.0016308830176301656},"power":{"limitW":3878,"approxConsumptionW":3891,"chipConsumptionW":null,"efficiencyWMhs":0.000015703440541339318}}}}}}