{
  "DEVS": [
    {
      "ASC": 0,
      "Accepted": 449,
      "Board": "A3HB70601",
      "Connector": "J11",
      "ControllerIPVersionHex": "0x0A113D",
      "ControllerIPVersionStr": "0.11.0",
      "Device Elapsed": 2095,
      "Device Hardware%": 0,
      "Device Rejected%": 0,
      "Diff1 Work": 29268992,
      "Difficulty Accepted": 29259776,
      "Difficulty Rejected": 9216,
      "Enabled": "Y",
      "Hardware Error MHS 15m": 0,
      "Hardware Errors": 0,
      "ID": 0,
      "IsRamping": false,
      "IsUserShutdown": false,
      "Last Share Difficulty": 262144,
      "Last Share Pool": 1,
      "Last Share Time": 1773510040,
      "Last Valid Work": 1773510040,
      "MHS 15m": 70443154.95589645,
      "MHS 1m": 71037557.52870288,
      "MHS 30m": 68044363.80488239,
      "MHS 5m": 70074043.29037566,
      "MHS 5s": 70753081.90653904,
      "MHS 60m": 61462671.69053649,
      "MHS av": 62509765.182035066,
      "Name": "",
      "Nominal MHS": 70737000.0,
      "Profile": "default",
      "Rejected": 2,
      "SerialNumber": "JYZZYSCBDJEBE0291",
      "Status": "Alive",
      "Temperature": 50.0,
      "Total MH": 62509765.182035066,
      "Utility": 0
    },
    {
      "ASC": 2,
      "Accepted": 451,
      "Board": "A3HB70601",
      "Connector": "J12",
      "ControllerIPVersionHex": "0x0A113D",
      "ControllerIPVersionStr": "0.11.0",
      "Device Elapsed": 2096,
      "Device Hardware%": 0,
      "Device Rejected%": 0,
      "Diff1 Work": 30637056,
      "Difficulty Accepted": 30502912,
      "Difficulty Rejected": 134144,
      "Enabled": "Y",
      "Hardware Error MHS 15m": 0,
      "Hardware Errors": 0,
      "ID": 2,
      "IsRamping": false,
      "IsUserShutdown": false,
      "Last Share Difficulty": 262144,
      "Last Share Pool": 1,
      "Last Share Time": 1773510040,
      "Last Valid Work": 1773510040,
      "MHS 15m": 69988956.76526192,
      "MHS 1m": 69083585.06570224,
      "MHS 30m": 67770415.25820416,
      "MHS 5m": 70437011.03374718,
      "MHS 5s": 71660357.36584844,
      "MHS 60m": 61164471.25350488,
      "MHS av": 62803351.456668355,
      "Name": "",
      "Nominal MHS": 70788000.0,
      "Profile": "default",
      "Rejected": 4,
      "SerialNumber": "JYZZYSCBDJEBE025X",
      "Status": "Alive",
      "Temperature": 51.0,
      "Total MH": 62803351.456668355,
      "Utility": 0
    },
    {
      "ASC": 1,
      "Accepted": 496,
      "Board": "A3HB70601",
      "Connector": "J13",
      "ControllerIPVersionHex": "0x0A113D",
      "ControllerIPVersionStr": "0.11.0",
      "Device Elapsed": 2095,
      "Device Hardware%": 0,
      "Device Rejected%": 0,
      "Diff1 Work": 32769024,
      "Difficulty Accepted": 32768000,
      "Difficulty Rejected": 1024,
      "Enabled": "Y",
      "Hardware Error MHS 15m": 0,
      "Hardware Errors": 0,
      "ID": 1,
      "IsRamping": false,
      "IsUserShutdown": false,
      "Last Share Difficulty": 262144,
      "Last Share Pool": 1,
      "Last Share Time": 1773510034,
      "Last Valid Work": 1773510034,
      "MHS 15m": 70364326.13018091,
      "MHS 1m": 71070708.68278004,
      "MHS 30m": 68215893.5649029,
      "MHS 5m": 70417875.0211834,
      "MHS 5s": 72776261.58803578,
      "MHS 60m": 61648033.8331026,
      "MHS av": 63155411.55231794,
      "Name": "",
      "Nominal MHS": 70992000.0,
      "Profile": "default",
      "Rejected": 1,
      "SerialNumber": "JYZZYSCBDJEBE02A7",
      "Status": "Alive",
      "Temperature": 48.0,
      "Total MH": 63155411.55231794,
      "Utility": 0
    }
  ],
  "STATUS": [
    {
      "Code": 9,
      "Description": "LUXminer 2026.3.2.193145-42668da4d",
      "Msg": "3 ASC(s)",
      "STATUS": "S",
      "When": 1773510049
    }
  ],
  "id": 1
}
