{"DEVS":[{"ASC":0,"Accepted":540,"Board":"A3HB70601","Connector":"J11","ControllerIPVersionHex":"0x0A113D","ControllerIPVersionStr":"0.11.0","Device Elapsed":6891,"Device Hardware%":0,"Device Rejected%":0,"Diff1 Work":105532416,"Difficulty Accepted":105532416,"Difficulty Rejected":0,"Enabled":"Y","Hardware Error MHS 15m":0,"Hardware Errors":0,"ID":0,"IsRamping":false,"IsUserShutdown":false,"Last Share Difficulty":262144,"Last Share Pool":1,"Last Share Time":1773425022,"Last Valid Work":1773425022,"MHS 15m":68619888.08225182,"MHS 1m":69035623.07582104,"MHS 30m":68345264.90613319,"MHS 5m":68551940.2121512,"MHS 5s":73927776.04700378,"MHS 60m":68507180.87849955,"MHS av":66354587.87436035,"Name":"","Nominal MHS":69054000.0,"Profile":"default","Rejected":0,"SerialNumber":"JYZZYSCBDJEBE0291","Status":"Alive","Temperature":50.0,"Total MH":66354587.87436035,"Utility":0},{"ASC":1,"Accepted":539,"Board":"A3HB70601","Connector":"J13","ControllerIPVersionHex":"0x0A113D","ControllerIPVersionStr":"0.11.0","Device Elapsed":6890,"Device Hardware%":0,"Device Rejected%":0,"Diff1 Work":101212160,"Difficulty Accepted":101212160,"Difficulty Rejected":0,"Enabled":"Y","Hardware Error MHS 15m":0,"Hardware Errors":0,"ID":1,"IsRamping":false,"IsUserShutdown":false,"Last Share Difficulty":262144,"Last Share Pool":1,"Last Share Time":1773425004,"Last Valid Work":1773425004,"MHS 15m":69853769.3943671,"MHS 1m":70566518.43559854,"MHS 30m":69908943.05771375,"MHS 5m":69651395.44783576,"MHS 5s":64625782.72869261,"MHS 60m":69896035.59960358,"MHS av":67737144.6162536,"Name":"","Nominal MHS":70329000.0,"Profile":"default","Rejected":0,"SerialNumber":"JYZZYSCBDJEBE02A7","Status":"Alive","Temperature":49.0,"Total MH":67737144.6162536,"Utility":0},{"ASC":2,"Accepted":478,"Board":"A3HB70601","Connector":"J12","ControllerIPVersionHex":"0x0A113D","ControllerIPVersionStr":"0.11.0","Device Elapsed":6895,"Device Hardware%":0,"Device Rejected%":0,"Diff1 Work":100378624,"Difficulty Accepted":100378624,"Difficulty Rejected":0,"Enabled":"Y","Hardware Error MHS 15m":0,"Hardware Errors":0,"ID":2,"IsRamping":false,"IsUserShutdown":false,"Last Share Difficulty":262144,"Last Share Pool":1,"Last Share Time":1773425012,"Last Valid Work":1773425012,"MHS 15m":69449799.83451198,"MHS 1m":69416794.55020934,"MHS 30m":69347270.7454959,"MHS 5m":69925268.8713039,"MHS 5s":76285546.81742953,"MHS 60m":69311187.2650286,"MHS av":66960338.44650564,"Name":"","Nominal MHS":69513000.0,"Profile":"default","Rejected":0,"SerialNumber":"JYZZYSCBDJEBE025X","Status":"Alive","Temperature":51.0,"Total MH":66960338.44650564,"Utility":0}],"STATUS":[{"Code":9,"Description":"LUXminer 2026.3.2.193145-42668da4d","Msg":"3 ASC(s)","STATUS":"S","When":1773425028}],"id":1}