{"STATUS":[{"STATUS":"S","When":1773425027,"Code":9,"Msg":"1 ASC(s)","Description":"kaonsu-old-api 1.0.0"}],"DEVS":[{"ASC":0,"Name":"KAONSU_0","ID":0,"Enabled":"Y","Status":"Alive","Tenperature":43.069702,"Temperature":43.069702,"MHS av":241609260,"MHS 5s":240646430,"Accepted":1551,"Rejected":1,"Hardware Errors":4,"Utility":0,"Last Share Pool":0,"Last Share Time":1773425022,"Total MH":1680506766032,"Diff1 Work":391273472,"Difficulty Accepted":1551,"Difficulty Rejected":0,"Last Share Difficulty":524288,"Last Valid Work":524288,"Device Hardware%":0.000010468271976174213,"Device Rejected%":0.0006443298969072165,"Device Elapsed":7094}],"id":1}